a106_1.c;0;a102_1.c;100.0;1;a108_1.c;100.0;2;a107_1.c;100.0;3;a105_1.c;100.0;4;a105_2.c;94.3;5;a102_2.c;90.5;
a107_1.c;6;a102_1.c;100.0;7;a108_1.c;100.0;8;a105_1.c;100.0;9;a105_2.c;94.3;10;a102_2.c;90.5;
a108_1.c;11;a105_1.c;100.0;12;a102_1.c;100.0;13;a105_2.c;94.3;14;a102_2.c;90.5;
a115_1.c;15;a111_1.c;100.0;16;a114_1.c;100.0;17;a116_1.c;100.0;18;a117_1.c;100.0;19;a117_2.c;100.0;20;a116_2.c;100.0;21;a114_2.c;100.0;
a114_1.c;22;a111_1.c;100.0;23;a116_1.c;100.0;24;a117_1.c;100.0;25;a114_2.c;100.0;26;a117_2.c;100.0;27;a116_2.c;100.0;
a116_2.c;28;a114_2.c;100.0;29;a117_2.c;100.0;30;a117_1.c;100.0;31;a116_1.c;100.0;32;a111_1.c;100.0;
a117_1.c;33;a116_1.c;100.0;34;a111_1.c;100.0;35;a117_2.c;100.0;36;a114_2.c;100.0;
a15_1.c;37;a11_1.c;100.0;38;a16_1.c;100.0;39;a18_1.c;100.0;40;a17_1.c;100.0;41;a15_2.c;100.0;42;a11_2.c;100.0;43;a12_1.c;100.0;44;a16_2.c;100.0;45;a17_2.c;92.7;46;a12_2.c;92.7;47;a18_2.c;80.7;
a15_2.c;48;a11_1.c;100.0;49;a17_1.c;100.0;50;a18_1.c;100.0;51;a16_1.c;100.0;52;a11_2.c;100.0;53;a12_1.c;100.0;54;a16_2.c;100.0;55;a17_2.c;92.7;56;a12_2.c;92.7;57;a18_2.c;80.7;
a12_1.c;58;a11_1.c;100.0;59;a11_2.c;100.0;60;a16_1.c;100.0;61;a17_1.c;100.0;62;a18_1.c;100.0;63;a16_2.c;100.0;64;a17_2.c;92.7;65;a12_2.c;92.7;66;a18_2.c;80.7;
a11_2.c;67;a11_1.c;100.0;68;a16_1.c;100.0;69;a17_1.c;100.0;70;a18_1.c;100.0;71;a16_2.c;100.0;72;a17_2.c;92.7;73;a12_2.c;92.7;74;a18_2.c;80.7;
a117_2.c;75;a114_2.c;100.0;76;a116_1.c;100.0;77;a111_1.c;100.0;
a108_2.c;78;a106_2.c;100.0;79;a107_2.c;91.3;
a116_1.c;80;a111_1.c;100.0;81;a114_2.c;100.0;
a17_1.c;82;a16_1.c;100.0;83;a18_1.c;100.0;84;a11_1.c;100.0;85;a16_2.c;100.0;86;a17_2.c;92.7;87;a12_2.c;92.7;88;a18_2.c;80.7;
a18_1.c;89;a16_1.c;100.0;90;a11_1.c;100.0;91;a16_2.c;100.0;92;a17_2.c;92.7;93;a12_2.c;92.7;94;a18_2.c;80.7;
a20_2.c;95;a20_1.c;100.0;96;a25_1.c;100.0;97;a27_1.c;100.0;98;a26_1.c;100.0;99;a24_2.c;100.0;100;a24_1.c;100.0;101;a21_1.c;100.0;102;a26_2.c;97.8;103;a25_2.c;89.0;
a25_1.c;104;a20_1.c;100.0;105;a21_1.c;100.0;106;a24_1.c;100.0;107;a24_2.c;100.0;108;a26_1.c;100.0;109;a27_1.c;100.0;110;a26_2.c;97.8;111;a25_2.c;89.0;
a27_1.c;112;a20_1.c;100.0;113;a24_2.c;100.0;114;a24_1.c;100.0;115;a21_1.c;100.0;116;a26_1.c;100.0;117;a26_2.c;97.8;118;a25_2.c;89.0;
a24_1.c;119;a21_1.c;100.0;120;a20_1.c;100.0;121;a24_2.c;100.0;122;a26_1.c;100.0;123;a26_2.c;97.8;124;a25_2.c;89.0;
a26_1.c;125;a20_1.c;100.0;126;a21_1.c;100.0;127;a24_2.c;100.0;128;a26_2.c;97.8;129;a25_2.c;89.0;
a24_2.c;130;a20_1.c;100.0;131;a21_1.c;100.0;132;a26_2.c;97.8;133;a25_2.c;89.0;
a21_1.c;134;a20_1.c;100.0;135;a26_2.c;97.8;136;a25_2.c;89.0;
a16_1.c;137;a11_1.c;100.0;138;a16_2.c;100.0;139;a17_2.c;92.7;140;a12_2.c;92.7;141;a18_2.c;80.7;
a123_2.c;142;a123_1.c;100.0;143;a124_1.c;100.0;144;a125_1.c;100.0;145;a126_1.c;100.0;146;a125_2.c;92.0;147;a124_2.c;79.6;
a124_1.c;148;a123_1.c;100.0;149;a125_1.c;100.0;150;a126_1.c;100.0;151;a125_2.c;92.0;152;a124_2.c;79.6;
a125_1.c;153;a123_1.c;100.0;154;a126_1.c;100.0;155;a125_2.c;92.0;156;a124_2.c;79.6;
a126_1.c;157;a123_1.c;100.0;158;a125_2.c;92.0;159;a124_2.c;79.6;
a30_1.c;160;a29_1.c;100.0;161;a33_2.c;100.0;162;a35_1.c;100.0;163;a36_1.c;100.0;164;a34_1.c;100.0;165;a33_1.c;100.0;166;a30_2.c;84.6;167;a35_2.c;71.1;
a33_2.c;168;a29_1.c;100.0;169;a33_1.c;100.0;170;a35_1.c;100.0;171;a36_1.c;100.0;172;a34_1.c;100.0;173;a30_2.c;84.6;174;a35_2.c;71.1;
a35_1.c;175;a29_1.c;100.0;176;a33_1.c;100.0;177;a34_1.c;100.0;178;a36_1.c;100.0;179;a30_2.c;84.6;180;a35_2.c;71.1;
a36_1.c;181;a29_1.c;100.0;182;a33_1.c;100.0;183;a34_1.c;100.0;184;a30_2.c;84.6;185;a35_2.c;71.1;
a3_1.c;186;a2_1.c;100.0;187;a2_2.c;100.0;188;a6_2.c;100.0;189;a7_1.c;100.0;190;a8_1.c;100.0;191;a9_1.c;100.0;192;a6_1.c;100.0;193;a8_2.c;96.2;194;a7_2.c;83.3;195;a9_2.c;74.0;196;a3_2.c;83.3;
a6_1.c;197;a2_1.c;100.0;198;a2_2.c;100.0;199;a7_1.c;100.0;200;a8_1.c;100.0;201;a9_1.c;100.0;202;a6_2.c;100.0;203;a8_2.c;96.2;204;a7_2.c;83.3;205;a9_2.c;74.0;206;a3_2.c;83.3;
a7_1.c;207;a2_1.c;100.0;208;a2_2.c;100.0;209;a6_2.c;100.0;210;a8_1.c;100.0;211;a9_1.c;100.0;212;a8_2.c;96.2;213;a7_2.c;83.3;214;a9_2.c;74.0;215;a3_2.c;83.3;
a8_1.c;216;a2_1.c;100.0;217;a2_2.c;100.0;218;a6_2.c;100.0;219;a9_1.c;100.0;220;a8_2.c;96.2;221;a7_2.c;83.3;222;a9_2.c;74.0;223;a3_2.c;83.3;
a9_1.c;224;a2_1.c;100.0;225;a2_2.c;100.0;226;a6_2.c;100.0;227;a8_2.c;96.2;228;a7_2.c;83.3;229;a9_2.c;74.0;230;a3_2.c;83.3;
a6_2.c;231;a2_2.c;100.0;232;a2_1.c;100.0;233;a8_2.c;96.2;234;a7_2.c;83.3;235;a9_2.c;74.0;236;a3_2.c;83.3;
a39_1.c;237;a38_1.c;100.0;238;a38_2.c;100.0;239;a42_1.c;100.0;240;a43_1.c;100.0;241;a44_1.c;100.0;242;a45_1.c;100.0;243;a42_2.c;100.0;244;a45_2.c;93.0;245;a43_2.c;86.0;246;a44_2.c;84.8;247;a39_2.c;90.6;
a42_1.c;248;a38_1.c;100.0;249;a38_2.c;100.0;250;a42_2.c;100.0;251;a43_1.c;100.0;252;a44_1.c;100.0;253;a45_1.c;100.0;254;a45_2.c;93.0;255;a43_2.c;86.0;256;a44_2.c;84.8;257;a39_2.c;90.6;
a43_1.c;258;a38_1.c;100.0;259;a38_2.c;100.0;260;a42_2.c;100.0;261;a44_1.c;100.0;262;a45_1.c;100.0;263;a45_2.c;93.0;264;a43_2.c;86.0;265;a44_2.c;84.8;266;a39_2.c;90.6;
a44_1.c;267;a38_1.c;100.0;268;a38_2.c;100.0;269;a42_2.c;100.0;270;a45_1.c;100.0;271;a45_2.c;93.0;272;a43_2.c;86.0;273;a44_2.c;84.8;274;a39_2.c;90.6;
a45_1.c;275;a38_1.c;100.0;276;a38_2.c;100.0;277;a42_2.c;100.0;278;a45_2.c;93.0;279;a43_2.c;86.0;280;a44_2.c;84.8;281;a39_2.c;90.6;
a42_2.c;282;a38_2.c;100.0;283;a38_1.c;100.0;284;a45_2.c;93.0;285;a43_2.c;86.0;286;a44_2.c;84.8;287;a39_2.c;90.6;
a38_2.c;288;a43_2.c;100.0;289;a38_1.c;100.0;290;a45_2.c;86.0;291;a44_2.c;81.3;
a34_1.c;292;a33_1.c;100.0;293;a29_1.c;100.0;294;a30_2.c;84.6;295;a35_2.c;71.1;
a2_2.c;296;a2_1.c;100.0;297;a8_2.c;96.2;298;a7_2.c;83.3;299;a9_2.c;74.0;300;a3_2.c;83.3;
a51_1.c;301;a47_1.c;100.0;302;a51_2.c;100.0;303;a53_1.c;100.0;304;a54_1.c;100.0;305;a52_1.c;100.0;306;a48_1.c;100.0;307;a54_2.c;87.1;308;a53_2.c;81.4;
a52_1.c;309;a47_1.c;100.0;310;a51_2.c;100.0;311;a53_1.c;100.0;312;a54_1.c;100.0;313;a48_1.c;100.0;314;a54_2.c;87.1;315;a53_2.c;81.4;
a53_1.c;316;a47_1.c;100.0;317;a48_1.c;100.0;318;a51_2.c;100.0;319;a54_1.c;100.0;320;a54_2.c;87.1;321;a53_2.c;81.4;
a54_1.c;322;a47_1.c;100.0;323;a48_1.c;100.0;324;a51_2.c;100.0;325;a54_2.c;87.1;326;a53_2.c;81.4;
a51_2.c;327;a48_1.c;100.0;328;a47_1.c;100.0;329;a54_2.c;87.1;330;a53_2.c;81.4;
a60_1.c;331;a56_1.c;100.0;332;a57_1.c;100.0;333;a60_2.c;100.0;334;a62_1.c;100.0;335;a63_1.c;100.0;336;a61_1.c;100.0;337;a56_2.c;90.7;338;a62_2.c;79.6;
a61_1.c;339;a56_1.c;100.0;340;a57_1.c;100.0;341;a62_1.c;100.0;342;a63_1.c;100.0;343;a60_2.c;100.0;344;a56_2.c;90.7;345;a62_2.c;79.6;
a62_1.c;346;a56_1.c;100.0;347;a57_1.c;100.0;348;a60_2.c;100.0;349;a63_1.c;100.0;350;a56_2.c;90.7;351;a62_2.c;79.6;
a63_1.c;352;a56_1.c;100.0;353;a60_2.c;100.0;354;a57_1.c;100.0;355;a56_2.c;90.7;356;a62_2.c;79.6;
a60_2.c;357;a56_1.c;100.0;358;a57_1.c;100.0;359;a56_2.c;90.7;360;a62_2.c;79.6;
a57_1.c;361;a56_1.c;100.0;362;a56_2.c;90.7;363;a62_2.c;79.6;
a69_2.c;364;a66_1.c;100.0;365;a69_1.c;100.0;366;a70_1.c;100.0;367;a71_1.c;100.0;368;a72_1.c;100.0;369;a71_2.c;90.7;370;a70_2.c;86.1;
a70_1.c;371;a66_1.c;100.0;372;a69_1.c;100.0;373;a71_1.c;100.0;374;a72_1.c;100.0;375;a71_2.c;90.7;376;a70_2.c;86.1;
a71_1.c;377;a66_1.c;100.0;378;a69_1.c;100.0;379;a72_1.c;100.0;380;a71_2.c;90.7;381;a70_2.c;86.1;
a72_1.c;382;a69_1.c;100.0;383;a66_1.c;100.0;384;a71_2.c;90.7;385;a70_2.c;86.1;
a78_1.c;386;a75_1.c;100.0;387;a79_1.c;100.0;388;a80_1.c;100.0;389;a81_1.c;100.0;390;a78_2.c;98.2;391;a80_2.c;94.6;392;a79_2.c;87.5;393;a81_2.c;73.2;
a79_1.c;394;a75_1.c;100.0;395;a80_1.c;100.0;396;a81_1.c;100.0;397;a78_2.c;98.2;398;a80_2.c;94.6;399;a79_2.c;87.5;400;a81_2.c;73.2;
a80_1.c;401;a75_1.c;100.0;402;a81_1.c;100.0;403;a78_2.c;98.2;404;a80_2.c;94.6;405;a79_2.c;87.5;406;a81_2.c;73.2;
a81_1.c;407;a75_1.c;100.0;408;a78_2.c;98.2;409;a80_2.c;94.6;410;a79_2.c;87.5;411;a81_2.c;73.2;
a69_1.c;412;a66_1.c;100.0;413;a71_2.c;90.7;414;a70_2.c;86.1;
a87_2.c;415;a84_1.c;100.0;416;a87_1.c;100.0;417;a88_1.c;100.0;418;a89_1.c;100.0;419;a90_1.c;100.0;420;a89_2.c;100.0;421;a88_2.c;91.3;
a88_1.c;422;a84_1.c;100.0;423;a87_1.c;100.0;424;a89_1.c;100.0;425;a90_1.c;100.0;426;a89_2.c;100.0;427;a88_2.c;91.3;
a89_2.c;428;a84_1.c;100.0;429;a87_1.c;100.0;430;a89_1.c;100.0;431;a90_1.c;100.0;432;a88_2.c;91.3;
a90_1.c;433;a89_1.c;100.0;434;a87_1.c;100.0;435;a84_1.c;100.0;436;a88_2.c;91.3;
a96_2.c;437;a93_1.c;100.0;438;a96_1.c;100.0;439;a97_1.c;100.0;440;a98_1.c;100.0;441;a99_1.c;100.0;442;a97_2.c;100.0;443;a93_2.c;86.1;444;a98_2.c;76.2;
a93_1.c;445;a97_2.c;100.0;446;a98_1.c;100.0;447;a99_1.c;100.0;448;a97_1.c;100.0;449;a96_1.c;100.0;450;a93_2.c;86.1;451;a98_2.c;76.2;
a96_1.c;452;a97_2.c;100.0;453;a98_1.c;100.0;454;a99_1.c;100.0;455;a97_1.c;100.0;456;a93_2.c;86.1;457;a98_2.c;76.2;
a98_1.c;458;a97_1.c;100.0;459;a97_2.c;100.0;460;a99_1.c;100.0;461;a93_2.c;86.1;462;a98_2.c;76.2;
a99_1.c;463;a97_1.c;100.0;464;a97_2.c;100.0;465;a93_2.c;86.1;466;a98_2.c;76.2;
a97_1.c;467;a97_2.c;100.0;468;a93_2.c;86.1;469;a98_2.c;76.2;
n_303_1.c;470;n_301_1.c;100.0;471;n_305_2.c;100.0;472;n_306_1.c;100.0;473;n_305_1.c;100.0;474;n_302_1.c;100.0;475;n_301_2.c;89.1;
n_305_2.c;476;n_301_1.c;100.0;477;n_305_1.c;100.0;478;n_306_1.c;100.0;479;n_302_1.c;100.0;480;n_301_2.c;89.1;
n_306_1.c;481;n_301_1.c;100.0;482;n_302_1.c;100.0;483;n_305_1.c;100.0;484;n_301_2.c;89.1;
n_305_1.c;485;n_301_1.c;100.0;486;n_302_1.c;100.0;487;n_301_2.c;89.1;
n_302_1.c;488;n_301_1.c;100.0;489;n_301_2.c;89.1;
n_311_1.c;490;n_309_1.c;100.0;491;n_310_1.c;100.0;492;n_311_2.c;100.0;493;n_312_1.c;100.0;494;n_313_1.c;100.0;495;n_313_2.c;96.9;496;n_312_2.c;78.7;
n_312_1.c;497;n_309_1.c;100.0;498;n_310_1.c;100.0;499;n_311_2.c;100.0;500;n_313_1.c;100.0;501;n_313_2.c;96.9;502;n_312_2.c;78.7;
n_313_1.c;503;n_309_1.c;100.0;504;n_310_1.c;100.0;505;n_311_2.c;100.0;506;n_313_2.c;96.9;507;n_312_2.c;78.7;
n_311_2.c;508;n_310_1.c;100.0;509;n_309_1.c;100.0;510;n_313_2.c;96.9;511;n_312_2.c;78.7;
n_315_1.c;512;n_314_1.c;100.0;513;n_317_1.c;100.0;514;n_318_1.c;100.0;515;n_316_1.c;100.0;516;n_317_2.c;90.0;
n_317_1.c;517;n_314_1.c;100.0;518;n_316_1.c;100.0;519;n_318_1.c;100.0;520;n_317_2.c;90.0;
n_318_1.c;521;n_314_1.c;100.0;522;n_316_1.c;100.0;523;n_317_2.c;90.0;
n_319_2.c;524;n_319_1.c;100.0;525;n_321_1.c;100.0;526;n_323_1.c;100.0;527;n_321_2.c;100.0;528;n_320_1.c;100.0;
n_321_1.c;529;n_319_1.c;100.0;530;n_321_2.c;100.0;531;n_323_1.c;100.0;532;n_320_1.c;100.0;
n_323_1.c;533;n_319_1.c;100.0;534;n_321_2.c;100.0;535;n_320_1.c;100.0;
n_321_2.c;536;n_320_1.c;100.0;537;n_319_1.c;100.0;
n_325_1.c;538;n_324_1.c;100.0;539;n_327_1.c;100.0;540;n_327_2.c;100.0;541;n_326_1.c;100.0;542;n_325_2.c;81.8;
n_327_1.c;543;n_324_1.c;100.0;544;n_327_2.c;100.0;545;n_326_1.c;100.0;546;n_325_2.c;81.8;
n_327_2.c;547;n_324_1.c;100.0;548;n_326_1.c;100.0;549;n_325_2.c;81.8;
n_329_1.c;550;n_328_1.c;100.0;551;n_330_1.c;100.0;552;n_331_1.c;100.0;553;n_329_2.c;100.0;554;n_330_2.c;81.0;
n_330_1.c;555;n_328_1.c;100.0;556;n_329_2.c;100.0;557;n_331_1.c;100.0;558;n_330_2.c;81.0;
n_331_1.c;559;n_328_1.c;100.0;560;n_329_2.c;100.0;561;n_330_2.c;81.0;
n_335_1.c;562;n_333_1.c;100.0;563;n_334_1.c;100.0;564;n_336_1.c;100.0;565;n_335_2.c;76.3;
n_336_1.c;566;n_333_1.c;100.0;567;n_334_1.c;100.0;568;n_335_2.c;76.3;
n_338_1.c;569;n_337_1.c;100.0;570;n_337_2.c;100.0;571;n_339_2.c;100.0;572;n_340_1.c;100.0;573;n_339_1.c;100.0;574;n_338_2.c;93.7;
n_339_1.c;575;n_337_1.c;100.0;576;n_340_1.c;100.0;577;n_339_2.c;100.0;578;n_337_2.c;100.0;579;n_338_2.c;93.7;
n_340_1.c;580;n_337_1.c;100.0;581;n_337_2.c;100.0;582;n_339_2.c;100.0;583;n_338_2.c;93.7;
n_339_2.c;584;n_337_2.c;100.0;585;n_337_1.c;100.0;586;n_338_2.c;93.7;
n_342_1.c;587;n_341_1.c;100.0;588;n_343_1.c;100.0;589;n_345_1.c;100.0;590;n_341_2.c;100.0;591;n_342_2.c;100.0;
n_345_1.c;592;n_341_1.c;100.0;593;n_343_1.c;100.0;594;n_341_2.c;100.0;595;n_342_2.c;100.0;
n_343_1.c;596;n_341_1.c;100.0;597;n_341_2.c;100.0;598;n_342_2.c;100.0;
n_337_2.c;599;n_337_1.c;100.0;600;n_338_2.c;93.7;
n_334_1.c;601;n_333_1.c;100.0;602;n_335_2.c;76.3;
n_329_2.c;603;n_328_1.c;100.0;604;n_330_2.c;81.0;
n_326_1.c;605;n_324_1.c;100.0;606;n_325_2.c;81.8;
n_320_1.c;607;n_319_1.c;100.0;
n_316_1.c;608;n_314_1.c;100.0;609;n_317_2.c;90.0;
n_310_1.c;610;n_309_1.c;100.0;611;n_313_2.c;96.9;612;n_312_2.c;78.7;
a89_1.c;613;a87_1.c;100.0;614;a84_1.c;100.0;615;a88_2.c;91.3;
a87_1.c;616;a84_1.c;100.0;617;a88_2.c;91.3;
a48_1.c;618;a47_1.c;100.0;619;a54_2.c;87.1;620;a53_2.c;81.4;
a33_1.c;621;a29_1.c;100.0;622;a30_2.c;84.6;623;a35_2.c;71.1;
a105_1.c;624;a102_1.c;100.0;625;a105_2.c;94.3;626;a102_2.c;90.5;
n_341_1.c;627;n_341_2.c;100.0;628;n_342_2.c;100.0;
a20_1.c;629;a26_2.c;97.8;630;a25_2.c;89.0;
a75_1.c;631;a78_2.c;98.2;632;a80_2.c;94.6;633;a79_2.c;87.5;634;a81_2.c;73.2;
a2_1.c;635;a8_2.c;96.2;636;a7_2.c;83.3;637;a9_2.c;74.0;638;a3_2.c;83.3;
a114_2.c;639;a111_1.c;100.0;
a11_1.c;640;a16_2.c;100.0;641;a17_2.c;92.7;642;a12_2.c;92.7;643;a18_2.c;80.7;
a102_1.c;644;a105_2.c;94.3;645;a102_2.c;90.5;
n_309_1.c;646;n_313_2.c;96.9;647;n_312_2.c;78.7;
n_342_2.c;648;n_341_2.c;96.7;
a123_1.c;649;a125_2.c;92.0;650;a124_2.c;79.6;
a38_1.c;651;a45_2.c;93.0;652;a43_2.c;86.0;653;a44_2.c;84.8;654;a39_2.c;90.6;
a107_2.c;655;a106_2.c;91.3;
a88_2.c;656;a84_1.c;91.3;
a66_1.c;657;a71_2.c;90.7;658;a70_2.c;86.1;
a56_1.c;659;a56_2.c;90.7;660;a62_2.c;79.6;
n_317_2.c;661;n_314_1.c;90.0;662;n_315_2.c;73.6;
n_338_2.c;663;n_337_1.c;93.7;
n_301_2.c;664;n_301_1.c;89.1;
a47_1.c;665;a54_2.c;87.1;666;a53_2.c;81.4;
a45_2.c;667;a43_2.c;86.0;668;a39_2.c;88.6;
a17_2.c;669;a16_2.c;87.9;
a80_2.c;670;a79_2.c;82.1;
n_330_2.c;671;n_328_1.c;81.0;
a44_2.c;672;a43_2.c;81.3;
a26_2.c;673;a25_2.c;84.6;
n_325_2.c;674;n_324_1.c;81.8;
a97_2.c;675;a93_2.c;83.1;676;a98_2.c;76.2;
n_335_2.c;677;n_333_1.c;76.3;
a29_1.c;678;a30_2.c;84.6;679;a35_2.c;71.1;
a9_2.c;680;a8_2.c;72.2;
a125_2.c;681;a124_2.c;71.6;
a18_2.c;682;a12_2.c;79.5;
